{
  "FSR": 0.3253066837787628,
  "avg_PE": 0.017454132437705994,
  "mean_slope": 0.015302964486181736,
  "mean_slope_overall": 0.016980601474642754,
  "personality_inference_mentioned": 0.017238257452845573,
  "personality_inference_positive": 0.0,
  "personality_inference_negative": 0.014461036771535873,
  "personality_inference_neutral": 0.022809961810708046,
  "sweets_mentioned": 0.015316072851419449,
  "sweets_positive": 0.010101878084242344,
  "sweets_negative": 0.0,
  "sweets_neutral": 0.0,
  "Fruits_and_vegetables_mentioned": 0.006755812559276819,
  "Fruits_and_vegetables_positive": 0.010550327599048615,
  "Fruits_and_vegetables_negative": 0.0,
  "Fruits_and_vegetables_neutral": 0.014599415473639965,
  "healthy_savory_food_mentioned": 0.0,
  "healthy_savory_food_positive": 0.0,
  "healthy_savory_food_negative": 0.0,
  "healthy_savory_food_neutral": 0.0,
  "food_mentioned": 0.029373252764344215,
  "food_positive": 0.023343486711382866,
  "food_negative": 0.015496435575187206,
  "food_neutral": 0.008060461841523647,
  "cosmetics_mentioned": 0.0,
  "cosmetics_positive": 0.0,
  "cosmetics_negative": 0.0,
  "cosmetics_neutral": 0.0,
  "fashion_mentioned": 0.0,
  "fashion_positive": 0.0,
  "fashion_negative": 0.0,
  "fashion_neutral": 0.0,
  "toys_gadgets_and_games_mentioned": 0.023563599213957787,
  "toys_gadgets_and_games_positive": 0.0,
  "toys_gadgets_and_games_negative": 0.0,
  "toys_gadgets_and_games_neutral": 0.0,
  "sports_mentioned": 0.020799703896045685,
  "sports_positive": 0.019000303000211716,
  "sports_negative": 0.010990431532263756,
  "sports_neutral": 0.009276575408875942,
  "music_mentioned": 0.01139953825622797,
  "music_positive": 0.01999334804713726,
  "music_negative": 0.0,
  "music_neutral": 0.01782200112938881,
  "arts_and_crafts_mentioned": 0.015392727218568325,
  "arts_and_crafts_positive": 0.0,
  "arts_and_crafts_negative": 0.0,
  "arts_and_crafts_neutral": 0.016552604734897614,
  "word_count": 0.017629463225603104,
  "sentence_count": 0.008763707242906094,
  "char_count": 0.02698531746864319,
  "avg_word_length": 0.0159719567745924,
  "avg_sentence_length": 0.021842405200004578,
  "shortness_score": 0.027927175164222717,
  "lexical_diversity": 0.017234468832612038,
  "sentiment_polarity": 0.015534578822553158,
  "sentiment_subjectivity": 0.01714460738003254,
  "positive_word_count": 0.021570054814219475,
  "negative_word_count": 0.016606584191322327,
  "positive_word_ratio": 0.01930243708193302,
  "negative_word_ratio": 0.014683883637189865,
  "flesch_reading_ease": 0.015477806329727173,
  "flesch_kincaid_grade": 0.015384073369204998
}