{
  "FSR_scaled": 0.3242878317832947,
  "personality_inference_mentioned": 0.025511981919407845,
  "personality_inference_positive": 0.010991099290549755,
  "personality_inference_negative": 0.013968032784759998,
  "personality_inference_neutral": 0.0174521766602993,
  "sweets_mentioned": 0.010826175101101398,
  "sweets_positive": 0.0077813477255403996,
  "sweets_negative": 0.0,
  "sweets_neutral": 0.016032781451940536,
  "Fruits_and_vegetables_mentioned": 0.023874906823039055,
  "Fruits_and_vegetables_positive": 0.01371742133051157,
  "Fruits_and_vegetables_negative": 0.0,
  "Fruits_and_vegetables_neutral": 0.018096689134836197,
  "healthy_savory_food_mentioned": 0.01520584337413311,
  "healthy_savory_food_positive": 0.0,
  "healthy_savory_food_negative": 0.0,
  "healthy_savory_food_neutral": 0.0,
  "food_mentioned": 0.01323660183697939,
  "food_positive": 0.01371972169727087,
  "food_negative": 0.010341881774365902,
  "food_neutral": 0.029541106894612312,
  "cosmetics_mentioned": 0.0,
  "cosmetics_positive": 0.0,
  "cosmetics_negative": 0.0,
  "cosmetics_neutral": 0.0,
  "fashion_mentioned": 0.0,
  "fashion_positive": 0.0,
  "fashion_negative": 0.0,
  "fashion_neutral": 0.0,
  "toys_gadgets_and_games_mentioned": 0.0,
  "toys_gadgets_and_games_positive": 0.0,
  "toys_gadgets_and_games_negative": 0.0,
  "toys_gadgets_and_games_neutral": 0.0,
  "sports_mentioned": 0.013800901360809803,
  "sports_positive": 0.025349078699946404,
  "sports_negative": 0.012543700635433197,
  "sports_neutral": 0.0073182363994419575,
  "music_mentioned": 0.011216532438993454,
  "music_positive": 0.021013714373111725,
  "music_negative": 0.0,
  "music_neutral": 0.009898118674755096,
  "arts_and_crafts_mentioned": 0.0029381043277680874,
  "arts_and_crafts_positive": 0.011194827035069466,
  "arts_and_crafts_negative": 0.009379507973790169,
  "arts_and_crafts_neutral": 0.029389305040240288,
  "word_count": 0.02277194894850254,
  "sentence_count": 0.01181800477206707,
  "char_count": 0.026739198714494705,
  "avg_word_length": 0.015481840819120407,
  "avg_sentence_length": 0.025374699383974075,
  "shortness_score": 0.016523057594895363,
  "lexical_diversity": 0.016069451346993446,
  "sentiment_polarity": 0.020047232508659363,
  "sentiment_subjectivity": 0.020326485857367516,
  "positive_word_count": 0.017944863066077232,
  "negative_word_count": 0.018063953146338463,
  "positive_word_ratio": 0.017751939594745636,
  "negative_word_ratio": 0.01706034503877163,
  "flesch_reading_ease": 0.01830318197607994,
  "flesch_kincaid_grade": 0.01709616370499134
}