{
  "avg_PE": 0.004593131598085165,
  "FSR_scaled": 0.03432891517877579,
  "avg_PE_scaled": 0.004020928405225277,
  "SRS.Raw": 0.19502916932106018,
  "BIS": 0.007868362590670586,
  "LPA_Profile_grand_mean": 0.0036155881825834513,
  "LPA_Profile_ASD_only": 0.6401452422142029,
  "personality inference_mentioned": 0.0,
  "personality inference_sentiment": 0.0,
  "sweets_mentioned": 0.0,
  "sweets_sentiment": 0.0,
  "Fruits and vegetables_mentioned": 0.0,
  "Fruits and vegetables_sentiment": 0.0,
  "healthy savory food_mentioned": 0.0,
  "healthy savory food_sentiment": 0.0,
  "food_mentioned": 0.0,
  "food_sentiment": 0.0,
  "cosmetics_mentioned": 0.0,
  "cosmetics_sentiment": 0.0,
  "fashion_mentioned": 0.0,
  "fashion_sentiment": 0.0,
  "toys, gadgets and games_mentioned": 0.0,
  "toys, gadgets and games_sentiment": 0.0,
  "sports_mentioned": 0.0,
  "sports_sentiment": 0.0,
  "music_mentioned": 0.0,
  "music_sentiment": 0.0,
  "arts and crafts_mentioned": 0.0,
  "arts and crafts_sentiment": 0.0,
  "word_count": 0.005674335174262524,
  "sentence_count": 0.0,
  "char_count": 0.005630921572446823,
  "avg_word_length": 0.004682392813265324,
  "avg_sentence_length": 0.0,
  "shortness_score": 0.0,
  "lexical_diversity": 0.002476323628798127,
  "sentiment_polarity": 0.00906254630535841,
  "sentiment_subjectivity": 0.0030660799238830805,
  "positive_word_count": 0.0018972894176840782,
  "negative_word_count": 0.0,
  "positive_word_ratio": 0.008396652527153492,
  "negative_word_ratio": 0.002717452123761177,
  "positive_attributes": 0.003072280203923583,
  "flesch_reading_ease": 0.011122806929051876,
  "flesch_kincaid_grade": 0.008242934010922909,
  "connector_ratio": 0.0030921208672225475,
  "cohesiveness_score": 0.004255673382431269,
  "noun_ratio": 0.007991091348230839,
  "verb_ratio": 0.0093603590503335,
  "adj_ratio": 0.01261261384934187,
  "adv_ratio": 0.002816994907334447,
  "punctuation_ratio": 0.004227922763675451,
  "exclamation_count": 0.0,
  "question_count": 0.0
}