{
  "TDNorm_avg_PE": 0.060456015169620514,
  "overall_avg_PE": 0.04806160181760788,
  "TDnorm_concept_learning": 0.046521760523319244,
  "overall_concept_learning": 0.047484636306762695,
  "word_count": 0.061308879405260086,
  "sentence_count": 0.05294732004404068,
  "char_count": 0.07721898704767227,
  "avg_word_length": 0.05095285549759865,
  "avg_sentence_length": 0.06798411160707474,
  "shortness_score": 0.06534147262573242,
  "lexical_diversity": 0.05865352228283882,
  "sentiment_polarity": 0.054205529391765594,
  "sentiment_subjectivity": 0.05064358189702034,
  "positive_word_count": 0.03528215363621712,
  "negative_word_count": 0.033278562128543854,
  "positive_word_ratio": 0.043349336832761765,
  "negative_word_ratio": 0.05387074872851372,
  "flesch_reading_ease": 0.045848868787288666,
  "flesch_kincaid_grade": 0.04659007489681244
}