{
  "accuracy": 1.0,
  "classification_report": {
    "0": {
      "precision": 1.0,
      "recall": 1.0,
      "f1-score": 1.0,
      "support": 156.0
    },
    "1": {
      "precision": 1.0,
      "recall": 1.0,
      "f1-score": 1.0,
      "support": 268.0
    },
    "accuracy": 1.0,
    "macro avg": {
      "precision": 1.0,
      "recall": 1.0,
      "f1-score": 1.0,
      "support": 424.0
    },
    "weighted avg": {
      "precision": 1.0,
      "recall": 1.0,
      "f1-score": 1.0,
      "support": 424.0
    }
  },
  "confusion_matrix": [
    [
      156,
      0
    ],
    [
      0,
      268
    ]
  ],
  "feature_importance": {
    "SRS.Raw": 0.17524468898773193,
    "FSR": 0.13204284012317657,
    "BIS": 0.01675073243677616,
    "avg_PE": 0.0038116301875561476,
    "LPA_Profile_grand_mean": 0.0,
    "LPA_Profile_ASD_only": 0.5884432196617126,
    "personality inference_mentioned": 0.0,
    "personality inference_sentiment": 0.0,
    "sweets_mentioned": 0.0,
    "sweets_sentiment": 0.0,
    "Fruits and vegetables_mentioned": 0.0,
    "Fruits and vegetables_sentiment": 0.0,
    "healthy savory food_mentioned": 0.0,
    "healthy savory food_sentiment": 0.0,
    "food_mentioned": 0.007564781699329615,
    "food_sentiment": 0.0,
    "cosmetics_mentioned": 0.0,
    "cosmetics_sentiment": 0.0,
    "fashion_mentioned": 0.0,
    "fashion_sentiment": 0.0,
    "toys, gadgets and games_mentioned": 0.0,
    "toys, gadgets and games_sentiment": 0.0,
    "sports_mentioned": 0.002664668019860983,
    "sports_sentiment": 0.0,
    "music_mentioned": 0.008293739520013332,
    "music_sentiment": 0.0,
    "arts and crafts_mentioned": 0.0,
    "arts and crafts_sentiment": 0.0,
    "word_count": 0.000920348335057497,
    "sentence_count": 0.0021605275105684996,
    "char_count": 0.005306830629706383,
    "avg_word_length": 0.002111246809363365,
    "avg_sentence_length": 0.0,
    "shortness_score": 0.0,
    "lexical_diversity": 0.002932483796030283,
    "sentiment_polarity": 0.006071754265576601,
    "sentiment_subjectivity": 0.0018025649478659034,
    "positive_word_count": 0.0049788812175393105,
    "negative_word_count": 0.0035949284210801125,
    "positive_word_ratio": 0.0021109741646796465,
    "negative_word_ratio": 0.008122613653540611,
    "positive_attributes": 0.0,
    "flesch_reading_ease": 0.0036918213590979576,
    "flesch_kincaid_grade": 0.0024859763216227293,
    "connector_ratio": 0.0,
    "cohesiveness_score": 0.007551414892077446,
    "noun_ratio": 0.001552456058561802,
    "verb_ratio": 0.005663732066750526,
    "adj_ratio": 0.0,
    "adv_ratio": 0.0022656337823718786,
    "punctuation_ratio": 0.0018595359288156033,
    "exclamation_count": 0.0,
    "question_count": 0.0
  },
  "roc_auc": 1.0,
  "cv_mean": 1.0,
  "cv_std": 0.0
}