{
  "TDNorm_avg_PE": 0.06917242705821991,
  "overall_avg_PE": 0.04533565416932106,
  "TDnorm_concept_learning": 0.0325428731739521,
  "overall_concept_learning": 0.0367751345038414,
  "word_count": 0.08409368991851807,
  "sentence_count": 0.054314371198415756,
  "char_count": 0.06927406787872314,
  "avg_word_length": 0.03512123227119446,
  "avg_sentence_length": 0.02153814025223255,
  "shortness_score": 0.16576269268989563,
  "lexical_diversity": 0.07571404427289963,
  "sentiment_polarity": 0.05614364892244339,
  "sentiment_subjectivity": 0.03922522813081741,
  "positive_word_count": 0.03055502288043499,
  "negative_word_count": 0.041234493255615234,
  "positive_word_ratio": 0.03461242467164993,
  "negative_word_ratio": 0.03264858201146126,
  "flesch_reading_ease": 0.03251858055591583,
  "flesch_kincaid_grade": 0.04341771453619003
}