{
  "FSR": 0.3931296765804291,
  "TDNorm_avg_PE": 0.03875062242150307,
  "overall_avg_PE": 0.03627773001790047,
  "TDnorm_concept_learning": 0.026698920875787735,
  "overall_concept_learning": 0.02866920456290245,
  "word_count": 0.033661410212516785,
  "sentence_count": 0.02333967015147209,
  "char_count": 0.04375530034303665,
  "avg_word_length": 0.028109051287174225,
  "avg_sentence_length": 0.03258110582828522,
  "shortness_score": 0.03602476790547371,
  "lexical_diversity": 0.041728947311639786,
  "sentiment_polarity": 0.032923344522714615,
  "sentiment_subjectivity": 0.02541341446340084,
  "positive_word_count": 0.04009171202778816,
  "negative_word_count": 0.023470697924494743,
  "positive_word_ratio": 0.03095467947423458,
  "negative_word_ratio": 0.02265297621488571,
  "flesch_reading_ease": 0.032624177634716034,
  "flesch_kincaid_grade": 0.02914263866841793
}