{
  "TDNorm_avg_PE": 0.29040175676345825,
  "char_count": 0.2041907012462616,
  "lexical_diversity": 0.1786872148513794,
  "TDnorm_concept_learning": 0.1580485850572586,
  "avg_word_length": 0.10103270411491394,
  "sentiment_subjectivity": 0.09699741750955582,
  "overall_avg_PE": 0.09390772879123688,
  "avg_sentence_length": 0.09117359668016434,
  "overall_concept_learning": 0.08701861649751663,
  "flesch_kincaid_grade": 0.08150289952754974,
  "positive_word_ratio": 0.06280340254306793,
  "sentiment_polarity": 0.059466056525707245,
  "flesch_reading_ease": 0.05628468096256256,
  "word_count": 0.054744865745306015,
  "negative_word_ratio": 0.019945859909057617,
  "negative_word_count": 0.017372077330946922,
  "sentence_count": 0.014180298894643784,
  "shortness_score": 0.01056832168251276,
  "positive_word_count": 0.0091695636510849
}