{
  "model_performance": {
    "total_features": 20,
    "sample_size": 908
  },
  "characteristic_analysis": {},
  "top_features": [
    [
      "FSR",
      0.4243204891681671
    ],
    [
      "char_count",
      0.05702310800552368
    ],
    [
      "lexical_diversity",
      0.0458655059337616
    ],
    [
      "TDNorm_avg_PE",
      0.041592177003622055
    ],
    [
      "flesch_reading_ease",
      0.035499896854162216
    ],
    [
      "sentiment_subjectivity",
      0.03495720773935318
    ],
    [
      "overall_avg_PE",
      0.03397427871823311
    ],
    [
      "sentiment_polarity",
      0.03301065042614937
    ],
    [
      "positive_word_count",
      0.03204146772623062
    ],
    [
      "negative_word_ratio",
      0.03110303357243538
    ],
    [
      "TDnorm_concept_learning",
      0.029327023774385452
    ],
    [
      "positive_word_ratio",
      0.028663216158747673
    ],
    [
      "overall_concept_learning",
      0.027662228792905807
    ],
    [
      "flesch_kincaid_grade",
      0.027501897886395454
    ],
    [
      "avg_word_length",
      0.02686239406466484
    ],
    [
      "avg_sentence_length",
      0.02608785778284073
    ],
    [
      "shortness_score",
      0.024998750537633896
    ],
    [
      "word_count",
      0.019970156252384186
    ],
    [
      "sentence_count",
      0.019538654014468193
    ],
    [
      "negative_word_count",
      0.0
    ]
  ],
  "td_vs_asd_patterns": [
    {
      "FSR": 13.337266470009835,
      "char_count": 76.4424778761062,
      "lexical_diversity": 0.8627346998996328,
      "TDNorm_avg_PE": 5.318731563421828,
      "flesch_reading_ease": 84.20704278597701,
      "sentiment_subjectivity": 0.29030940898935004,
      "overall_avg_PE": 6.195020614466352,
      "sentiment_polarity": 0.10260960544699484,
      "positive_word_count": 1.7640117994100295,
      "negative_word_ratio": 0.028200029087130752,
      "TDnorm_concept_learning": 0.013764340391684338,
      "positive_word_ratio": 0.13506555309366744,
      "overall_concept_learning": -0.015336669940403037,
      "flesch_kincaid_grade": 3.8621860369633687,
      "avg_word_length": 4.100271830165046,
      "avg_sentence_length": 10.691361146228402,
      "shortness_score": 0.09798557925195571,
      "word_count": 15.914454277286136,
      "sentence_count": 1.5398230088495575,
      "negative_word_count": 0.46017699115044247
    },
    {
      "FSR": 42.53755125951963,
      "char_count": 52.34622144112478,
      "lexical_diversity": 0.9201093047170561,
      "TDNorm_avg_PE": 5.8041593438781485,
      "flesch_reading_ease": 88.5436345304437,
      "sentiment_subjectivity": 0.2287487845341536,
      "overall_avg_PE": 6.519399531088393,
      "sentiment_polarity": 0.07784730352779938,
      "positive_word_count": 1.311072056239016,
      "negative_word_ratio": 0.026914434193450385,
      "TDnorm_concept_learning": -0.00896713241587291,
      "positive_word_ratio": 0.1414450121420573,
      "overall_concept_learning": -0.017564266557668504,
      "flesch_kincaid_grade": 2.7079912217048503,
      "avg_word_length": 4.0789990616692995,
      "avg_sentence_length": 8.122964264792033,
      "shortness_score": 0.1409167313409231,
      "word_count": 11.052724077328646,
      "sentence_count": 1.29701230228471,
      "negative_word_count": 0.3022847100175747
    }
  ],
  "text_patterns": {
    "class_1": {
      "total_texts": 569,
      "total_words": 5474,
      "unique_words": 1058,
      "top_words": {
        "he": 376,
        "likes": 367,
        "and": 340,
        "like": 272,
        "she": 116,
        "a": 113,
        "not": 103,
        "of": 90,
        "is": 81,
        "i": 76,
        "to": 75,
        "they": 70,
        "doesn't": 69,
        "food": 65,
        "but": 62,
        "some": 62,
        "does": 55,
        "the": 52,
        "that": 48,
        "things": 45
      },
      "avg_text_length": 52.34622144112478
    },
    "class_0": {
      "total_texts": 339,
      "total_words": 4694,
      "unique_words": 925,
      "top_words": {
        "likes": 301,
        "and": 292,
        "he": 267,
        "like": 219,
        "she": 128,
        "not": 103,
        "a": 84,
        "to": 75,
        "the": 73,
        "of": 71,
        "is": 69,
        "does": 61,
        "but": 58,
        "i": 56,
        "that": 55,
        "doesn't": 49,
        "they": 44,
        "really": 43,
        "food": 42,
        "some": 39
      },
      "avg_text_length": 76.4424778761062
    }
  }
}