{
  "FSR": 0.4243204891681671,
  "TDNorm_avg_PE": 0.041592177003622055,
  "overall_avg_PE": 0.03397427871823311,
  "TDnorm_concept_learning": 0.029327023774385452,
  "overall_concept_learning": 0.027662228792905807,
  "word_count": 0.019970156252384186,
  "sentence_count": 0.019538654014468193,
  "char_count": 0.05702310800552368,
  "avg_word_length": 0.02686239406466484,
  "avg_sentence_length": 0.02608785778284073,
  "shortness_score": 0.024998750537633896,
  "lexical_diversity": 0.0458655059337616,
  "sentiment_polarity": 0.03301065042614937,
  "sentiment_subjectivity": 0.03495720773935318,
  "positive_word_count": 0.03204146772623062,
  "negative_word_count": 0.0,
  "positive_word_ratio": 0.028663216158747673,
  "negative_word_ratio": 0.03110303357243538,
  "flesch_reading_ease": 0.035499896854162216,
  "flesch_kincaid_grade": 0.027501897886395454
}