{
  "model_performance": {
    "total_features": 19,
    "sample_size": 908
  },
  "characteristic_analysis": {},
  "top_features": [
    [
      "char_count",
      0.09320025146007538
    ],
    [
      "lexical_diversity",
      0.07553605735301971
    ],
    [
      "TDNorm_avg_PE",
      0.06399012356996536
    ],
    [
      "sentence_count",
      0.057397931814193726
    ],
    [
      "sentiment_subjectivity",
      0.05639306828379631
    ],
    [
      "negative_word_ratio",
      0.05401831120252609
    ],
    [
      "overall_avg_PE",
      0.05154569447040558
    ],
    [
      "TDnorm_concept_learning",
      0.050738271325826645
    ],
    [
      "sentiment_polarity",
      0.04943887144327164
    ],
    [
      "flesch_reading_ease",
      0.04705497995018959
    ],
    [
      "overall_concept_learning",
      0.046524446457624435
    ],
    [
      "avg_sentence_length",
      0.04630086198449135
    ],
    [
      "flesch_kincaid_grade",
      0.046282052993774414
    ],
    [
      "avg_word_length",
      0.046233341097831726
    ],
    [
      "negative_word_count",
      0.04577263817191124
    ],
    [
      "word_count",
      0.04510384798049927
    ],
    [
      "positive_word_ratio",
      0.04424849897623062
    ],
    [
      "shortness_score",
      0.04303143918514252
    ],
    [
      "positive_word_count",
      0.037189334630966187
    ]
  ],
  "td_vs_asd_patterns": [
    {
      "char_count": 76.4424778761062,
      "lexical_diversity": 0.8627346998996328,
      "TDNorm_avg_PE": 5.318731563421828,
      "sentence_count": 1.5398230088495575,
      "sentiment_subjectivity": 0.29030940898935004,
      "negative_word_ratio": 0.028200029087130752,
      "overall_avg_PE": 6.195020614466352,
      "TDnorm_concept_learning": 0.013764340391684338,
      "sentiment_polarity": 0.10260960544699484,
      "flesch_reading_ease": 84.20704278597701,
      "overall_concept_learning": -0.015336669940403037,
      "avg_sentence_length": 10.691361146228402,
      "flesch_kincaid_grade": 3.8621860369633687,
      "avg_word_length": 4.100271830165046,
      "negative_word_count": 0.46017699115044247,
      "word_count": 15.914454277286136,
      "positive_word_ratio": 0.13506555309366744,
      "shortness_score": 0.09798557925195571,
      "positive_word_count": 1.7640117994100295
    },
    {
      "char_count": 52.34622144112478,
      "lexical_diversity": 0.9201093047170561,
      "TDNorm_avg_PE": 5.8041593438781485,
      "sentence_count": 1.29701230228471,
      "sentiment_subjectivity": 0.2287487845341536,
      "negative_word_ratio": 0.026914434193450385,
      "overall_avg_PE": 6.519399531088393,
      "TDnorm_concept_learning": -0.00896713241587291,
      "sentiment_polarity": 0.07784730352779938,
      "flesch_reading_ease": 88.5436345304437,
      "overall_concept_learning": -0.017564266557668504,
      "avg_sentence_length": 8.122964264792033,
      "flesch_kincaid_grade": 2.7079912217048503,
      "avg_word_length": 4.0789990616692995,
      "negative_word_count": 0.3022847100175747,
      "word_count": 11.052724077328646,
      "positive_word_ratio": 0.1414450121420573,
      "shortness_score": 0.1409167313409231,
      "positive_word_count": 1.311072056239016
    }
  ],
  "text_patterns": {
    "class_1": {
      "total_texts": 569,
      "total_words": 5474,
      "unique_words": 1058,
      "top_words": {
        "he": 376,
        "likes": 367,
        "and": 340,
        "like": 272,
        "she": 116,
        "a": 113,
        "not": 103,
        "of": 90,
        "is": 81,
        "i": 76,
        "to": 75,
        "they": 70,
        "doesn't": 69,
        "food": 65,
        "but": 62,
        "some": 62,
        "does": 55,
        "the": 52,
        "that": 48,
        "things": 45
      },
      "avg_text_length": 52.34622144112478
    },
    "class_0": {
      "total_texts": 339,
      "total_words": 4694,
      "unique_words": 925,
      "top_words": {
        "likes": 301,
        "and": 292,
        "he": 267,
        "like": 219,
        "she": 128,
        "not": 103,
        "a": 84,
        "to": 75,
        "the": 73,
        "of": 71,
        "is": 69,
        "does": 61,
        "but": 58,
        "i": 56,
        "that": 55,
        "doesn't": 49,
        "they": 44,
        "really": 43,
        "food": 42,
        "some": 39
      },
      "avg_text_length": 76.4424778761062
    }
  }
}