{
  "TDNorm_avg_PE": 0.06399012356996536,
  "overall_avg_PE": 0.05154569447040558,
  "TDnorm_concept_learning": 0.050738271325826645,
  "overall_concept_learning": 0.046524446457624435,
  "word_count": 0.04510384798049927,
  "sentence_count": 0.057397931814193726,
  "char_count": 0.09320025146007538,
  "avg_word_length": 0.046233341097831726,
  "avg_sentence_length": 0.04630086198449135,
  "shortness_score": 0.04303143918514252,
  "lexical_diversity": 0.07553605735301971,
  "sentiment_polarity": 0.04943887144327164,
  "sentiment_subjectivity": 0.05639306828379631,
  "positive_word_count": 0.037189334630966187,
  "negative_word_count": 0.04577263817191124,
  "positive_word_ratio": 0.04424849897623062,
  "negative_word_ratio": 0.05401831120252609,
  "flesch_reading_ease": 0.04705497995018959,
  "flesch_kincaid_grade": 0.046282052993774414
}