{
  "FSR": 0.4806428849697113,
  "TDNorm_avg_PE": 0.06274503469467163,
  "overall_avg_PE": 0.010003283619880676,
  "TDnorm_concept_learning": 0.0,
  "overall_concept_learning": 0.025015074759721756,
  "word_count": 0.07936901599168777,
  "sentence_count": 0.0,
  "char_count": 0.05485435947775841,
  "avg_word_length": 0.012560177594423294,
  "avg_sentence_length": 0.0,
  "shortness_score": 0.03086015023291111,
  "lexical_diversity": 0.10389486700296402,
  "sentiment_polarity": 0.0206337571144104,
  "sentiment_subjectivity": 0.014248517341911793,
  "positive_word_count": 0.0,
  "negative_word_count": 0.0,
  "positive_word_ratio": 0.019367186352610588,
  "negative_word_ratio": 0.0,
  "flesch_reading_ease": 0.056957390159368515,
  "flesch_kincaid_grade": 0.02884828858077526
}